Business Name, Email, Website, Phone
"Australia Trade Marine Insurance", "Not Found", "Not Found", "tel:0282558388"
"Baxter IP, Patent &amp; Trade Mark Attorneys", "http://www.baxterip.com.au/", "Send Email mail@baxterip.com.au", "tel:0298148909"
"Trade Electrical Data Supplies - TEDS Chatswood", "http://teds.net.au/", "Send Email sales@teds.net.au", "tel:0294175070"
"Cotters Patent &amp; Trade Mark Attorneys", "http://www.cotters.com.au/", "Send Email mail@cotters.com.au", "tel:0292478000"
"Southern Trade Supplies", "http://www.strade.com.au/", "Not Found", "tel:0248691322"
"Southern Trade Supplies", "http://www.strade.com.au/", "Not Found", "tel:0248691322"
"Bailey Trade Services/BTS Sealing", "Not Found", "Send Email simon@baileytradeservices.com.au", "tel:0418766237"
"Indo Pacific Trade Alliance", "Not Found", "Not Found", "tel:0405974132"
"Dulux Trade Centres", "Not Found", "Not Found", "tel:0297476728"
"Celsius Trade Journal", "Not Found", "Not Found", "tel:0295198300"
"Home Mittagong Timber &amp; Trade Centre", "Not Found", "Not Found", "tel:0248711700"
"Allnex Trade Centre (Formerly Nuplex, FGI, Nupol &amp; NSR)", "http://www.nuplex.com/composites", "Send Email sales.compositesau@allnex.com", "tel:1800789607"
"Pulbrook Trade", "http://pulbrooktrade.com.au/", "Send Email sales@ogdentimber.com.au", "tel:0248624333"
"Gyprock Trade", "https://www.gyprocktrade.com.au/", "Send Email GTCSilverwater@csr.com.au", "tel:0287481490"
"Gyprock Trade", "https://www.gyprocktrade.com.au/", "Send Email GTCGlendenning@csr.com.au", "tel:0298541500"
"Gyprock Trade", "https://www.gyprocktrade.com.au/", "Send Email GTCPenrith@csr.com.au", "tel:0247203800"
"Gyprock Trade", "http://www.gyprocktrade.com.au/", "Send Email GTChornsby@csr.com.au", "tel:0294826000"
"Gyprock Trade", "https://www.gyprocktrade.com.au/", "Send Email GTCBrookvale@csr.com.au", "tel:0299096900"
"Kelso Building Trade Centre", "http://www.kelsodoors.com.au/", "Send Email sales@kelsobuildingtc.com.au", "tel:0296364222"
"Gyprock Trade", "https://www.gyprocktrade.com.au/", "Send Email GTCAlexandria@csr.com.au", "tel:0283384700"
"Gyprock Trade", "https://www.gyprocktrade.com.au/", "Send Email GTCPyrmont@csr.com.au", "tel:0285889400"
"Learn to Trade Pty Ltd", "https://www.learntotrade.com.au/", "Send Email info@learntotrade.com.au", "tel:0284126000"
"Trade Secret", "http://www.tradesecret.com.au/", "Send Email info@tradesecret.com.au", "tel:0298986999"
"Construction Trade Industry Lawyers", "https://www.constructionlawyersydney.com/", "Send Email law.clerk@neca.asn.au", "tel:0290219699"
"Ashaba Trade", "http://www.ashaba.com/", "Send Email mary@ashaba.com", "tel:0450520791"
"CHIPS Property Trade Services Pty Ltd", "http://www.chipspts.com.au/", "Send Email info@chipspts.com.au", "tel:0296255955"
"Gyprock Trade", "http://www.gyprock.com.au/", "Send Email gyprock@csr.com.au", "tel:131744"
"Roaring Trade Business Consultants", "http://www.roaringtrade.com.au/", "Send Email info@roaringtrade.com.au", "tel:0414616467"
"Trade Promotions and Lotteries Pty Ltd", "https://www.tpal.com.au/competition-permits", "Send Email info@competitionpermits.com.au", "tel:0280041003"
"Department of Foreign Affairs and Trade", "https://protocol.dfat.gov.au/Public/Consulates/145/State", "Send Email nzcgsydney@bigpond.com", "tel:0292705900"
"Chief Trade Credit Insurance Pty Ltd", "http://www.chieftradecredit.com.au/", "Send Email info@chieftradecredit.com.au", "tel:0280676900"
"Trade View Investments", "http://tradeview.com.au/", "Send Email admin@tradeview.com.au", "tel:0390185438"
"Trade Zone Direct", "http://tradezonedirect.com.au/", "Send Email gregd@gngsales.com.au", "tel:1300893585"
"Oceans Trade", "https://www.oceansdecor.com.au/", "Send Email oliver@oceansdecor.com.au", "tel:0410786417"
"The Trade-Offs Music", "https://www.thetradeoffsmusic.com/", "Send Email hello@thetradeoffsmusic.com", "tel:0286226556"